{
    "version": 1,
    "author": "Lucky Ardiansyah",
    "editor": "wokwi",
    "parts": [
      { "type": "board-esp32-devkit-c-v4", "id": "esp", "top": 0, "left": 0, "attrs": {} },
      {
        "type": "wokwi-led",
        "id": "led1",
        "top": -99.6,
        "left": -188.2,
        "attrs": { "color": "red" }
      },
      {
        "type": "wokwi-led",
        "id": "led2",
        "top": -13.2,
        "left": -188.2,
        "attrs": { "color": "yellow" }
      },
      {
        "type": "wokwi-led",
        "id": "led3",
        "top": 82.8,
        "left": -188.2,
        "attrs": { "color": "limegreen" }
      },
      {
        "type": "wokwi-lcd1602",
        "id": "lcd1",
        "top": -118.4,
        "left": 120.8,
        "attrs": { "pins": "i2c" }
      },
      {
        "type": "wokwi-led",
        "id": "led4",
        "top": 44.4,
        "left": 273.48,
        "attrs": { "color": "red" }
      },
      {
        "type": "wokwi-led",
        "id": "led5",
        "top": 159.6,
        "left": 272.6,
        "attrs": { "color": "green" }
      }
    ],
    "connections": [
      [ "esp:TX", "$serialMonitor:RX", "", [] ],
      [ "esp:RX", "$serialMonitor:TX", "", [] ],
      [ "led1:C", "esp:GND.1", "black", [ "v9.6", "h154", "v163.2" ] ],
      [ "led2:C", "esp:GND.1", "black", [ "v9.6", "h154", "v76.8" ] ],
      [ "led3:A", "esp:14", "green", [ "h153.6", "v9.6" ] ],
      [ "led3:C", "esp:GND.1", "black", [ "v9.6", "h154", "v19.2" ] ],
      [ "lcd1:VCC", "esp:3V3", "red", [ "v76.9", "h110.21" ] ],
      [ "lcd1:GND", "esp:GND.2", "black", [ "h0" ] ],
      [ "lcd1:SDA", "esp:21", "green", [ "h0" ] ],
      [ "lcd1:SCL", "esp:22", "green", [ "h0" ] ],
      [ "led2:A", "esp:25", "green", [ "h153.6", "v38.4" ] ],
      [ "led1:A", "esp:32", "green", [ "h153.6", "v105.6" ] ],
      [ "led4:C", "esp:GND.3", "black", [ "v0" ] ],
      [ "led5:C", "esp:GND.3", "black", [ "v9.6", "h-153.2", "v-124.8" ] ],
      [ "led5:A", "esp:18", "green", [ "v19.2", "h-172.8", "v-115.2" ] ],
      [ "led4:A", "esp:19", "green", [ "v0" ] ]
    ],
    "dependencies": {}
  }